,coin,author
0,,adul
1,,sobuka
2,,the-bitcoin-dood
3,,salmanaslam35
4,,cjclaro
5,,wahabali
6,,rubelhossen
7,,themission
8,,mnryse
9,,amitraj
10,,wadynoer
11,,tiatu
12,,jeckpb
13,,parkcaseynj
14,,wahabali
15,,sobuka
16,,rojoahmadia
17,,fazn123
18,,byvt
19,,muhammadzikri
20,,jeckpb
21,,mary1523
22,,jagr
23,,franklynx
24,,tiatu
25,,cryptojpl94
26,,thanksabunch
27,,blockchaindaily
28,,nokiasixteth
29,,wahabali
30,,elbreeder
31,,patelsakir
32,,ghost11
33,,rajsthani
34,,parindafx
35,,wond2006
36,,iwalphotographer
37,,jeckpb
38,,noxsoma
39,,cryptoryno33
40,,ldrbyks
41,,bentech
42,,pratickr
43,,trinityandgrow
44,,javacreations
45,,whalebebe
46,,almyra
47,,colinbrazendale
48,,dravid
49,,jignesh55227
50,,jeckpb
51,,javacreations
52,,ghoststories
53,,autobrad
54,,adul
55,,intelliguy
56,,paulromero
57,,cryptoking530
58,,philakonecrypto
59,,byvt
60,,steemit-earn
61,,exxodus
62,,eduardourbina
63,,vincetbishero
64,,cryptoryno-saur
65,,itsmidhun
66,,cryptoking83
67,,mynhpark
68,,jignesh55227
69,,elbreeder
70,,smartkhan
71,,blazing
72,,metin25
73,,deadcatbounce
74,,xrpchat
75,,muhammadsabil
76,,naku94
77,,secretcrypto
78,,notalone
79,,exxodus
80,,freshenstine
81,,bitcxin
82,,pratickr
83,,scratcher
84,,valbaranyshyn
85,,jignesh55227
86,,jamirul07
87,,nitroaus
88,,derecktafuma
89,,haejin
90,,akshay47
91,,rspower
92,,rolokime
93,,fenglin
94,,cryptoreports
95,,freshenstine
96,,vhmcrypto
97,,jignesh55227
98,,barrydutton
99,,matthewwarn
100,,exotril1
101,,hubtechinfo
102,,falseplanet
103,,steemit-stats
104,,yasu24
105,,eight5nine
106,,kayshap
107,,cryptoreports
108,,bitcoinmeister
109,,astana
110,,valarmorg
111,,southforce
112,,mercurq
113,,indra2alam
114,,jignesh55227
115,,cryptoeater
116,,mattcorwin
117,,amul
118,,jignesh55227
119,,mulherbe
120,,cura
121,,karankj
122,,mattcorwin
123,,razel
124,,iwalphotographer
125,,restue
126,,healthwithkanwal
127,,badriadi83
128,,cepul
129,,bonkite
130,,jeftek
131,,ctrl-alt-elite
132,,tuwatimikenneth
133,,andrewgenaille
134,,watertoncafe
135,,thefonzzz
136,,grolelo
137,,donaldoz
138,,richedmathiew
139,,kanrat
140,,richardmathiew
141,,arundawar
142,,aussiboy
143,,muhammadfaizan12
144,,goldmyanmar
145,,stevethompson
146,,taylortaua
147,,bitcoinminer25
148,,exxodus
149,,hari0m
150,,natebelt83
151,,whalebebe
152,,suheri
153,,razel
154,,cryp2me
155,,gurpreetgarcha
156,,currenc
157,,cricks1984
158,,haxor.crypto
159,,j1984mg
160,,openbullz
161,,coinbass
162,,gireesh
163,,ksams
164,,hellexgate
165,,bl0ckchan
166,,minnowboosted
167,,c0inbase
168,,muhammadfaizan12
169,,alixh
170,,ali.wood
171,,muhammadkariman
172,,truthforce
173,,ahmads
174,,savanpatel
175,,ronnn
176,,hari0m
177,,zaenalelnisamy
178,,r4j47
179,,thefonzzz
180,,shakershaikh
181,,themichaelmatch
182,,r4j4777
183,,rinkybrar
184,,coincap-fantasy
185,,tanishqsharma
186,,maffiarules
187,,muhammadfaizan12
188,,openbull
189,,boxmining
190,,yousafmaier
191,,steemsteamsteme
192,,riki28
193,,kevbot
194,,ihr
195,,ttomasz0882
196,,minnowboosted
197,,globatos82
198,,aervin11
199,,generation30
200,,drpostman
201,,matrixdweller
202,,thabiggdogg
203,,cristonova
204,,championtv
205,,mraza
206,,jetperalta
207,,solucher
208,,latimescrypto
209,,danielcfonseca
210,,mrblu
211,,citymahe
212,,gatorinla
213,,valarmorg
214,,scisan
215,,syarif.idris11
216,,justink365
217,,kenentertainment
218,,pk170
219,,thefonzzz
220,,iwalphotographer
221,,gatorinla
222,,hakinen64
223,,valarmorg
224,,foysal123
225,,stepbie
226,,abiismail
227,,ahsan047
228,,thefonzzz
229,,velasquezperu
230,,arkbtc
231,,don100100
232,,kingscrown
233,,cryptogladiator
234,,cryptorocko
235,,nitroaus
236,,cryptobosss
237,,veni001
238,,keeganharrington
239,,chartistcrypto
240,,utieyin
241,,ironwoodresearch
242,,muhammadfaizan12
243,,jamshedalam
244,,mahendran7418
245,,coinbelly
246,,bekpungoee
247,,feliks999
248,,yoon
249,,danjo1984
250,,citymahe
251,,lynn0919
252,,lydon.sipe
253,,madhurendra
254,,kyriacos
255,,crytochris
256,,yousafmaier
257,,marcopagan
258,,whalebebe
259,,coinnewsupdate
260,,john-robert
261,,entertainment123
262,,larksongbird
263,,jaywisefree
264,,hacked-watcgroup
265,,maestroq
266,,sleezy.skeezey
267,,vynchy
268,,cryptoblood
269,,manashjyoti
270,,avesh
271,,iswandi
272,,birdinc
273,,paulmoon410
274,,entertainment123
275,,klinton20
276,,martins-hacks
277,,jamshedalam
278,,cryptoblood
279,,don100100
280,,dream-o
281,,blockchainspoon
282,,onlineprds
283,,mary1523
284,,rukkanovax
285,,coininformation
286,,larksongbird
287,,mfg
288,,atropolis
289,,arsbit
290,,evigolin
291,,princewealth
292,,jeffreykirdeikis
293,,passion-ground
294,,chesatochi
295,,avesh
296,,chill.koreandude
297,,bmining
298,,clayygodd
299,,kid-martin95
300,,marcosoliveira
301,,keepinitreal
302,,chesatochi
303,,sidsuman
304,,sumansid
305,,clayygodd
306,,misan
307,,maestroq
308,,dennis58
309,,joshkorol
310,,iwalphotographer
311,,gabyen3d
312,,thinkinghuman
313,,arsbit
314,,brandonscalera
315,,shanghaipreneur
316,,cryptno
317,,khirman
318,,alexeiahz
319,,dannyquest
320,,joelgonz1982
321,,morningvybes
322,,kingscrown
323,,bitcoinbox
324,,dahmsy79
325,,utrading
326,,rodrigomacias
327,,machhour
328,,joshvel
329,,toy7
330,,yashpradhan
331,,adul
332,,doctorrevelator
333,,dennis58
334,,dizzyjay
335,,carloamc
336,,gleek
337,,emmanuel250998
338,,zatrhas
339,,meowch
340,,actuary
341,,stevenpomilia
342,,whalebebe
343,,pipeinversiones
344,,arsbit
345,,maryangel
346,,mikees
347,,musicholic
348,,cryptotrendsio
349,,miikeruiz
350,,shanepants
351,,scylogo
352,,hassan1023
353,,maestroq
354,,sanghoonworld
355,,cura
356,,dennis58
357,,megan.brown
358,,shanepants
359,,sercanagz
360,,cryptoiceman
361,,fabriziodileo
362,,techchat
363,,sequentialvibe
364,,themandarin
365,,riseofth
366,,cryptopassion
367,,alauddinsee
368,,auntychardonnay
369,,importanteye
370,,tonyot
371,,bigapplebo
372,,elsociooficial
373,,cricks1984
374,,emmy4great
375,,arsbit
376,,darkred
377,,carlos19196
378,,timozhang
379,,evigolin
380,,importanteye
381,,hassan1023
382,,carlos19196
383,,djmurphy2000
384,,arthursen
385,,kid-martin95
386,,iacrypto-farmer
387,,phil917
388,,wahabali
389,,hassan1023
390,,safrijals
391,,djmurphy2000
392,,marketclob
393,,ali.wood
394,,wahabali
395,,yaakov88
396,,hassan1023
397,,stanhopeofficial
398,,stvvice
399,,rebelcryptoplug
400,,simovevo
401,,sgtreport
402,,hassan1023
403,,wahabali
404,,xtremerolly
405,,fuckmylife
406,,shoemanchu
407,,danielhwang
408,,salahsteem
409,,maestroq
410,,jr11
411,,xsid
412,,wahabali
413,,mensch-justy-tv
414,,johanv
415,,senstless
416,,whalebebe
417,,cryptodox
418,,shariqkhan787
419,,zakhanzamudi
420,,martinf
421,,isellbooks
422,,deadcatbounce
423,,two-in-one
424,,proman999
425,,safetycoinman
426,,mykeinstein
427,,wahabali
428,,danielhwang
429,,mensch-justy-tv
430,,mikesalvi
431,,dukeung
432,,limelightmg
433,,monirol-islam
434,,oral23
435,,iqraramadhani
436,,ankavatar
437,,rstracer
438,,englander
439,,ministerofheat
440,,trraminer
441,,jrkraken
442,,nathen007
443,,maidittoyou
444,,wahabali
445,,jfbl1984
446,,monirol-islam
447,,cryptoking123
448,,cryptonized
449,,thepioneer
450,,wahabali
451,,solcar7626
452,,mensch-justy-tv
453,,thedolphin
454,,jfbl1984
455,,monirol-islam
456,,valikos
457,,hassan1023
458,,clarkythetitan
459,,realskilled
460,,coolkidapproved
461,,wahabali
462,,djokerbad182
463,,elianabe
464,,jfbl1984
465,,auntychardonnay
466,,obeyempresz
467,,steemit-stats
468,,akirachang
469,,mcmaffel
470,,lifefree
471,,yakorox
472,,sleezy.skeezey
473,,procaptainjoe
474,,wahabali
475,,merck4hire
476,,crypto-moon
477,,hassan1023
478,,sebrock
479,,murhadi06
480,,cowboyography
481,,fkinglag
482,,phantom00
483,,ryoting
484,,damss
485,,sleezy.skeezey
486,,dowbitcoin
487,,wahabali
488,,amirouch
489,,mountainherb
490,,merck4hire
491,,adolfogarcia
492,,hassan1023
493,,floki86
494,,tattooer
495,,solcar7626
496,,shallownpedantic
497,,kempo
498,,wahabali
499,,auntychardonnay
500,,dowbitcoin
501,,dobroman
502,,philakonecrypto
503,,phantom00
504,,mafus
505,,oroujda
506,,bitcoininfo99
507,,sleezy.skeezey
508,,wahabali
509,,hassan1023
510,,maestroq
511,,maykocan
512,,dowbitcoin
513,,smita0807
514,,quick.scope
515,,ersin03ua
516,,mingmingbb
517,,emmy4great
518,,sleezy.skeezey
519,,steemitjp
520,,hassan1023
521,,johnvibes
522,,lifttheveil411
523,,steem.lumens
524,,southforce
525,,wahabali
526,,udskam
527,,life-aceh
528,,rinnv
529,,cryptodollar1
530,,kayla353570
531,,carpio99sport
532,,dowbitcoin
533,,ummjackson
534,,southforce
535,,briggsy
536,,marcohernandez98
537,,whalebebe
538,,totopapa
539,,mafus
540,,wahabali
541,,marcuswahl
542,,cryptomonnaies
543,,dowbitcoin
544,,southforce
545,,cryptowolfpack
546,,iotafeed
547,,digitokash
548,,zer0hedge
549,,menez.trending
550,,pescalante63
551,,marcusings
552,,cicbar
553,,realskilled
554,,dowbitcoin
555,,gasparcha
556,,agusradiator7
557,,rberkness
558,,wahabali
559,,jrbuenavista
560,,incolonial
561,,argieengay
562,,redjepi
563,,totopapa
564,,iotafeed
565,,adambalm
566,,besjan
567,,dowbitcoin
568,,mianusman
569,,merck4hire
570,,alwaysnew
571,,oscarlopez
572,,ersin03ua
573,,thecryptobetter
574,,pys
575,,bitcoinflood
576,,iotafeed
577,,bitcoin7
578,,mathello
579,,paxnet
580,,selfmade78704
581,,goldmountain94
582,,iotafeed
583,,ylgv
584,,californiacrypto
585,,cryptodade305
586,,dowbitcoin
587,,hassan1023
588,,shariqkhan787
589,,maxdigi
590,,auronshaqiri
591,,deradministrator
592,,onefas1984z28
593,,mundocrypto
594,,zoidsoft
595,,shanepants
596,,timebit
597,,bornswift
598,,zizo2
599,,phantom00
600,,btcandres
601,,cryptostories
602,,steemitci
603,,oroujda
604,,durzo
605,,racoo
606,,zizo2
607,,cryptodade305
608,,justin11
609,,cura
610,,alkannedim
611,,timned
612,,exxodus
613,,myinfinityincome
614,,amirouch
615,,criptokingko
616,,daviddivergent
617,,zizo2
618,,dowbitcoin
619,,theuns
620,,randyxrodriguez
621,,justin11
622,,whalebebe
623,,abdallahmezher
624,,ahmadmufazzal
625,,cryptodade305
626,,brainerdpaul
627,,dlay
628,,inspirelili
629,,irishmayhem
630,,mkmk
631,,keepinitreal
632,,adamdonmez
633,,zizo2
634,,vraj
635,,justin11
636,,taskmaster4450
637,,bitsteemit
638,,dowbitcoin
639,,cura
640,,hassan1023
641,,spiftheninja
642,,stehaller
643,,abdallahmezher
644,,blockchaindaily
645,,mesut04
646,,rukkanovax
647,,jason7282
648,,zizo2
649,,cool-mike
650,,btcmacroecon
651,,justin11
652,,dowbitcoin
653,,bornswift
654,,lvinnyl
655,,glennski06
656,,nizamtalukder
657,,mesut04
658,,iotafeed
659,,adoniece
660,,pirsamads
661,,neworleans
662,,futureinpresent
663,,justin11
664,,zizo2
665,,cryptomix
666,,themarkymark
667,,moocharoo
668,,phil917
669,,racoo
670,,dowbitcoin
671,,kabibitak
672,,iotafeed
673,,zizo2
674,,garyev7
675,,cryptogator
676,,justin11
677,,timesizer
678,,embomb701
679,,crypto.freedom
680,,videoaddiction
681,,adoniece
682,,barrydutton
683,,pelucadepayaso
684,,baboqoo
685,,jarkokirs
686,,kempo
687,,metin25
688,,dowbitcoin
689,,santilum
690,,iotafeed
691,,justin11
692,,chesatochi
693,,chocofoxy
694,,zizo2
695,,thewelchtribune
696,,jackdickens382
697,,rstracer
698,,selfmade78704
699,,xmathias
700,,omeratagun
701,,racoo
702,,teamlambert
703,,dowbitcoin
704,,nabilbouasla
705,,veliton77
706,,iotafeed
707,,justin11
708,,some-dude
709,,zizo2
710,,stanleemike
711,,dowbitcoin
712,,technologix
713,,omerserhanozugur
714,,iotafeed
715,,cryptobigbang
716,,cafeinformativo
717,,mianusman
718,,maestroq
719,,justin11
720,,pirsamads
721,,nalshahin
722,,zizo2
723,,nabilbouasla
724,,cryptocoinscrew
725,,cryptoissweet
726,,mesut04
727,,dowbitcoin
728,,neilgupte
729,,shaheem
730,,sirlouie
731,,keepinitreal
732,,umit06
733,,nabilbouasla
734,,hassan1023
735,,faad
736,,piyo
737,,justin11
738,,frsvp
739,,zizo2
740,,bullishmoney
741,,selfmade78704
742,,corenet
743,,thepioneer
744,,anahowa210
745,,furiouspete123
746,,dowbitcoin
747,,akito900
748,,captboatface
749,,jubilee50
750,,swssmarketing
751,,justin11
752,,zizo2
753,,maestroq
754,,misan
755,,abdallahmezher
756,,technologix
757,,matthew.davis
758,,cryptonam
759,,maxg
760,,cryptonized
761,,shadrachjohnson
762,,maestroq
763,,coinbizpro
764,,corenet
765,,justin11
766,,zizo2
767,,dowbitcoin
768,,mianusman
769,,georgeargyrousis
770,,cryptoissweet
771,,automaton
772,,yosua55555
773,,baboqoo
774,,parkcaseynj
775,,justin11
776,,hayleyuk
777,,dakfn
778,,zizo2
779,,dowbitcoin
780,,cryptopimp
781,,stanhopeofficial
782,,corenet
783,,ame-zzin
784,,yosua55555
785,,vohlm
786,,cryptoitaly
787,,piyo
788,,justin11
789,,zizo2
790,,dowbitcoin
791,,some-dude
792,,bdboytech
793,,bigcityronin
794,,nicvander
795,,joelgonz1982
796,,katiuskagp
797,,umit06
798,,godson18
799,,sajeelahmad
800,,hoodrich
801,,dowbitcoin
802,,vohlm
803,,shanepants
804,,skeptic
805,,simplewins
806,,nexusblocker
807,,ne10
808,,calex
809,,cryptocoaster
810,,funt33
811,,dotsosteem
812,,dowbitcoin
813,,vohlm
814,,akra5ia
815,,shuhaib123
816,,xtremerolly
817,,muhajj
818,,godson18
819,,dowbitcoin
820,,keeganharrington
821,,hazet36
822,,yuemay
823,,akito900
824,,billydoria
825,,turko
826,,keepinitreal
827,,doki16
828,,darknight1903
829,,chumps1
830,,tumutanzi
831,,calex
832,,kingofcryptos
833,,freecryptoo
834,,dowbitcoin
835,,zer0hedge
836,,chrishamrick103
837,,valikos
838,,stigmacrypto
839,,newyorkdude
840,,riscoin
841,,coinjesus
842,,agozilim
843,,dowbitcoin
844,,abtin
845,,nicklaus
846,,cryptopimp
847,,bestofeverything
848,,paxnet
849,,pseudonym
850,,dowbitcoin
851,,kingsleyogieva
852,,jibi333
853,,morningvybes
854,,patrickdaily
855,,dames
856,,ansisltd
857,,beyondthecrypto
858,,rob1hunnid
859,,infiny
860,,dowbitcoin
861,,scandinavianlife
862,,stanleemike
863,,piyo
864,,slygag
865,,megusta
866,,boosting
867,,chompomonim
868,,newinfo24hours
869,,bizon18
870,,turkuaztr
871,,meidy
872,,naturall
873,,hassan1023
874,,programing
875,,truncus
876,,adoghame
877,,faizan-ashraf
878,,investing
879,,calex
880,,firepower
881,,walidsalah
882,,anarouz
883,,meidy
884,,savorake
885,,iacrypto-farmer
886,,ikramullah
887,,yuemay
888,,frikiguru
889,,thepioneer
890,,zatrhas
891,,hassan1023
892,,buzzard
893,,pox040
894,,megan.brown
895,,meidy
896,,stanleemike
897,,some-dude
898,,kanrat
899,,aliallafi
900,,bizon18
901,,anarouz
902,,niteshkmr001
903,,cartooni
904,,hassan1023
905,,axeakki
906,,asadshah
907,,dolfski
908,,phantom00
909,,xak
910,,cyberblock
911,,meidy
912,,some-dude
913,,rob1hunnid
914,,thecryptocrazies
915,,bitsca
916,,bizon18
917,,hassan1023
918,,selfmade78704
919,,dannyquest
920,,silverstackeruk
921,,criptoar
922,,adoghame
923,,yateszey
924,,yanik43
925,,meidy
926,,ikramullah
927,,imjoy
928,,zboyd
929,,alexdaniel11
930,,cryptonewslife
931,,a-blockchain
932,,some-dude
933,,mrmuscle
934,,cryptosludge
935,,bizon18
936,,vmzf1987
937,,phantom00
938,,maximzvonarev
939,,dilciaacurero
940,,vohlm
941,,meidy
942,,crispycoinboys
943,,christina-orlova
944,,cura
945,,sst
946,,cryptoissweet
947,,cryptogossip
948,,marketstack
949,,cryptodollar1
950,,bitsca
951,,vivekacharya
952,,dizum
953,,cryptomoneymade
954,,phantom00
955,,meidy
956,,dekanac
957,,naturall
958,,cryptocoinscrew
959,,dreday20
960,,joshsigurdson
961,,phantom00
962,,gktown
963,,bergenelbil
964,,kaneseyeonthesky
965,,steemit-stats
966,,petrosnoah
967,,shashi1920
968,,eliezerjmm
969,,ismailmeftah
970,,crispycoinboys
971,,meidy
972,,vmzf1987
973,,cryptofuwealth
974,,phantom00
975,,nothinghope
976,,klarx
977,,davide.vasco
978,,sst
979,,ntkweinor
980,,dennis58
981,,anarouz
982,,kanrat
983,,dmae
984,,faizan-ashraf
985,,quicksilv3r
986,,mprgrmmr
987,,ikramullah
988,,nishadhasan
989,,crispycoinboys
990,,meurahpasee
991,,vmzf1987
992,,ukroper
993,,beyrekhan
994,,nils14
995,,gregory-f
996,,brokecollegegrad
997,,altcoinseuro
998,,agnesfyffe
999,,anarouz
1000,,adeleroberge
1001,,maryo
1002,,hoodrich
1003,,doanhnhan
1004,,jfbl1984
1005,,vmzf1987
1006,,utso
1007,,abbyjohnson
1008,,jackhack
1009,,santilum
1010,,ministerofheat
1011,,dwade1
1012,,argo1
1013,,vmzf1987
1014,,ivitodigital
1015,,cruzbracho
1016,,andot
1017,,cryptorg
1018,,wiserico
1019,,thepioneer
1020,,lakhderreguieg
1021,,cryptocionnews
1022,,godzfather
1023,,carryminata
1024,,zayyannnn
1025,,jasonchan
1026,,chesatochi
1027,,vmzf1987
1028,,some-dude
1029,,parkcaseynj
1030,,tofe
1031,,brokecollegegrad
1032,,cryptocoingalaxy
1033,,northpolltv
1034,,nothinghope
1035,,sanjo1986
1036,,comfox
1037,,boyhaqi69
1038,,geyejoe17
1039,,bizon18
1040,,archi-asset
1041,,ahmedmzd
1042,,carryminata
1043,,karelnagel
1044,,mrtt
1045,,cryptozert
1046,,cryptobalage
1047,,adviser
1048,,michaelabourayan
1049,,salahuddin2004
1050,,santilum
1051,,thanskol
1052,,danizaharie
1053,,vmzf1987
1054,,bizon18
1055,,mfceolin
1056,,freshenstine
1057,,democratsonly
1058,,tipu
1059,,atjehsteemit
1060,,grintsch
1061,,bitcoinsehri
1062,,steemgiirl
1063,,marcopagan
1064,,voiloo
1065,,tarangogu
1066,,maestroq
1067,,marcedf
1068,,ihr
1069,,leshiyma
1070,,carryminata
1071,,tipu
1072,,kanrat
1073,,crypto570
1074,,patelsakir
1075,,hermes1666
1076,,blockchaindaily
1077,,xsid
1078,,usamamalik555
1079,,cryptocoingalaxy
1080,,raydietrich
1081,,cemilekrgln
1082,,fezphotographer
1083,,solomon123
1084,,esmaxgny
1085,,quantum999
1086,,chesatochi
1087,,bizon18
1088,,bonkite
1089,,dravid
1090,,anglotrucker
1091,,valarmorg
1092,,vmzf1987
1093,,rhom82
1094,,dekanac
1095,,dimitar9
1096,,dylanstone
1097,,karelnagel
1098,,cemilekrgln
1099,,harelchen
1100,,africaunited
1101,,mcpoint
1102,,vmzf1987
1103,,luminous-nova
1104,,realmsofcrypto
1105,,bizon18
1106,,jgr33nwood
1107,,bmining
1108,,utpoldebnath
1109,,peter007
1110,,sirbutterbean
1111,,igarrik
1112,,dennis58
1113,,maestroq
1114,,jerome-colley
1115,,karelnagel
1116,,disiaslan
1117,,guillercoin
1118,,pouya7
1119,,britvr
1120,,racoo
1121,,vmzf1987
1122,,bitcoinbarometer
1123,,bizon18
1124,,makeithappen
1125,,deeperise
1126,,coe87
1127,,bmining
1128,,barrydutton
1129,,cemilekrgln
1130,,leshiyma
1131,,gangas
1132,,coinherald
1133,,pula78
1134,,eight5nine
1135,,kenshiu
1136,,mihailo489
1137,,djnotleks
1138,,jetblake
1139,,bitgeek
1140,,unlukubra
1141,,bmining
1142,,akazad
1143,,danksignals
1144,,cryptocoaster
1145,,slytherin
1146,,tradingtopics
1147,,jrcornel
1148,,makermoney
1149,,kyus2001
1150,,harelchen
1151,,crypto-money
1152,,onlinebangla
1153,,jamesmoura
1154,,hamida93687
1155,,jgullinese
1156,,oddreality
1157,,jahangirbalti
1158,,lauramchz
1159,,bizon18
1160,,mfg
1161,,mexbit
1162,,suf1an
1163,,nelizaldet
1164,,numberthree27
1165,,steemgiirl
1166,,cryptoaltcoin
1167,,abaco
1168,,stevenvoros
1169,,sirbutterbean
1170,,ervinneb
1171,,kenshiu
1172,,jasonvme
1173,,laurentiu.negrea
1174,,mehemmed
1175,,cryptocoaster
1176,,drawingpencill
1177,,usamamalik555
1178,,futureinpresent
1179,,vmzf1987
1180,,cryptojack94
1181,,bizon18
1182,,jeckpb
1183,,rizqeet
1184,,coin-market
1185,,ragingshadow
1186,,kkarolina
1187,,samkresslein
1188,,osmondyang
1189,,alohadanc3
1190,,cryptopimp
1191,,twoitguys
1192,,djlakhany
1193,,vmzf1987
1194,,muhammadhelmi92
1195,,albert1986
1196,,jeckpb
1197,,digiruben
1198,,kondojis
1199,,gigantedhierro
1200,,mycoband
1201,,marco94
1202,,larzkaos
1203,,skrillex777
1204,,vmzf1987
1205,,rberkness
1206,,pawsdog
1207,,cryptoasis
1208,,mavaor
1209,,jameslparis
1210,,try-market
1211,,jeckpb
1212,,doctorvee
1213,,scaredycatguide
1214,,gokufahim
1215,,bitcoin-maker
1216,,peter007
1217,,vmzf1987
1218,,cryptoinvestsvk
1219,,usamamalik555
1220,,anisurrahman23
1221,,nicknamecole
1222,,mfg
1223,,muhdagayo2
1224,,julian01
1225,,crok
1226,,vaniccilondon
1227,,shredtoken
1228,,matthew-analysis
1229,,mgilly
1230,,kondojis
1231,,blnk9493
1232,,vmzf1987
1233,,truthrevolution
1234,,usamamalik555
1235,,try-market
1236,,jeckpb
1237,,nmf-ii
1238,,krenter
1239,,bginvestor
1240,,arslan007
1241,,alexabitcoin
1242,,r4kb4r
1243,,gangas
1244,,efam
1245,,cryptonet
1246,,vmzf1987
1247,,khokhar
1248,,cryptonized
1249,,usamamalik555
1250,,ouzzi
1251,,indiancrypto
1252,,adul
1253,,balake
1254,,some-dude
1255,,fajrinurdin1990
1256,,pasquale61
1257,,mariusgogorita
1258,,aliesal12
1259,,frogtron
1260,,ataayo
1261,,minimalpris
1262,,jedinsonq16
1263,,vmzf1987
1264,,musteatza
1265,,thebusinessman
1266,,airdroptakibi
1267,,read3986
1268,,serin
1269,,anasusman
1270,,cryptomarketnews
1271,,crazysnake
1272,,nicktsou
1273,,vmzf1987
1274,,jeckpb
1275,,ceattlestretch
1276,,zakiii
1277,,jon11
1278,,jnsantos456
1279,,araza18
1280,,riki28
1281,,mnallica
1282,,uncle-blade
1283,,apinvests
1284,,notorious562
1285,,giobarco
1286,,talanhorne
1287,,ahmermalik
1288,,misael7
1289,,normbond
1290,,rezz12
1291,,vmzf1987
1292,,k4k4s198
1293,,shakershaikh
1294,,investyourvote
1295,,alohadanc3
1296,,mnallica
1297,,nixon73
1298,,darrodriguez
1299,,xxvol3kxx
1300,,cryptomarketnews
1301,,poeticraise
1302,,some-dude
1303,,romito21
1304,,zoltanbristol
1305,,cura
1306,,jagr
1307,,diaehamzawi
1308,,vmzf1987
1309,,serin
1310,,measif
1311,,iwalphotographer
1312,,voski
1313,,mshoaib
1314,,bubu4845
1315,,technolotrade
1316,,bitshareboy
1317,,darrodriguez
1318,,nerakk23
1319,,constantino
1320,,ssin
1321,,abaharie
1322,,billthecipher
1323,,paragon99
1324,,vmzf1987
1325,,diaehamzawi
1326,,help4u
1327,,minerdigi
1328,,popy
1329,,seba-cripto-info
1330,,asadadv
1331,,some-dude
1332,,jasonvme
1333,,shivay822
1334,,nabilbouasla
1335,,flagships
1336,,nathan047
1337,,cryptomarketnews
1338,,vmzf1987
1339,,k4k4s198
1340,,futuristgear
1341,,cryptoearth
1342,,kcnnews
1343,,rolokime
1344,,jason7282
1345,,kevinbacon
1346,,mshoaib
1347,,cryptovirusking
1348,,vipfuture
1349,,andi87
1350,,some-dude
1351,,momorulus
1352,,diaehamzawi
1353,,minerdigi
1354,,chandrasekar
1355,,blockchaindaily
1356,,rubenbitcoin
1357,,bitbob
1358,,vmzf1987
1359,,torizar86
1360,,lior4
1361,,astrotonic
1362,,edolascrypto
1363,,nafestw
1364,,jonklinger
1365,,madom86
1366,,teamcrypto247
1367,,diaehamzawi
1368,,forexmaster
1369,,vohlm
1370,,miranas
1371,,riki28
1372,,gulzaman786
1373,,djcharles
1374,,bitchat
1375,,vmzf1987
1376,,jagr
1377,,mowais843
1378,,syarif.idris11
1379,,generation30
1380,,chasad75
1381,,serin
1382,,btcturk
1383,,jeckpb
1384,,cryptoissweet
1385,,williamsblanco
1386,,barrydutton
1387,,gabrielrf204
1388,,pulsar
1389,,gangas
1390,,zafaralise
1391,,k4k4s198
1392,,ricecrypto
1393,,mehedi118
1394,,kayshap
1395,,vmzf1987
1396,,djcharles
1397,,rchapoteau
1398,,nicksworld
1399,,mafus
1400,,techshahinpro
1401,,gabrielrf204
1402,,libertarianec
1403,,crypto-moon
1404,,rubenbitcoin
1405,,kanasite
1406,,escape
